{"cHW": {"reweighted": 3.608296, "direct": 3.6, "linear": -0.01533, "quadratic": 0.00238}, "cHWtil": {"reweighted": 3.818523, "direct": 3.82, "linear": -0.0001176, "quadratic": 0.001886}, "cHj1": {"reweighted": 3.846772, "direct": 3.86, "linear": -0.01908, "quadratic": 0.005069}, "cHj3": {"reweighted": 2.687455, "direct": 2.79, "linear": -0.01908, "quadratic": 0.005069}}